Year,Month,Day,Position,Team
2024,Novembro,17,1,Pedro Direito / Pedro Amorim
2024,Novembro,17,2,João Marcos / Pedro Sousa
2024,Novembro,17,3,Luís Fábrica / Marco Abreu
2024,Novembro,17,4,Celso Filipe / Hélder Nunes
2024,Novembro,17,5,Nuno Rolo / Nicholas Bossons
2024,Novembro,17,6,Gabriel / Baptiste
2024,Novembro,24,1,Rui Teixeira / Sergei
2024,Novembro,24,2,Pedro Direito / Carlos Costa
2024,Novembro,24,3,Gonçalo Ramires / Duarte Ramires
2024,Novembro,24,4,Luís Fábrica / Paulo Gonçalves
2024,Novembro,24,5,Marco Abreu / Diogo Baltazar
2024,Novembro,24,6,Pedro Amorim / João Pratas
2024,Novembro,24,7,Reinaldo Teixeira / João Afonso
2024,Novembro,24,8,Imal Moradi / Elias Markward
2024,Novembro,24,9,Hélder Nunes / André Santos
2024,Novembro,24,10,Salvador Barros / Pedro Roque
2024,Novembro,24,11,Gabriel / Baptiste
2024,Novembro,24,12,Gil Simas / Diogo Vilela
2024,Dezembro,1,1,Rui Teixeira / Dinis Teixeira
2024,Dezembro,1,2,Pedro Direito / Carlos Costa
2024,Dezembro,1,3,João Gonçalves / Vova Savych
2024,Dezembro,1,4,João Pratas / Pedro Amorim
2024,Dezembro,1,5,Celso Filipe / Manuel Mendes
2024,Dezembro,1,6,Hélder Nunes / Francisco Antunes
2024,Dezembro,1,7,Pedro Roque / Hugo Fonseca
2024,Dezembro,1,8,Marco Abreu / Luís Fábrica
2024,Dezembro,1,9,Tiago Gonçalves / Nicholas Bossons
2024,Dezembro,1,10,Tiago Capítulo / Daniel Francisco
2024,Dezembro,1,11,Diogo Vilela / Pedro Martins
2024,Dezembro,1,12,Tomás Spínola / Ricardo Spínola
2024,Dezembro,8,1,Luís Almeida / Jaime Almeida
2024,Dezembro,8,2,Francisco Antunes / Jorge Portela
2024,Dezembro,8,3,Pedro Direito / Carlos Costa
2024,Dezembro,8,4,Rafael Gomes / João Correia
2024,Dezembro,8,5,Tiago Gonçalves / Reinaldo Teixeira
2024,Dezembro,8,6,João Pratas / Pedro Amorim
2024,Dezembro,8,7,Celso Filipe / Bruno Simões
2024,Dezembro,8,8,Tiago Silva / Rodrigo Coelho
2024,Dezembro,8,9,João Pedro / Ricardo Spínola
2024,Dezembro,8,10,Pedro Sousa / João Marcos
2024,Dezembro,8,11,Gonçalo Oliveira / Theo Orfanidis
2024,Dezembro,8,12,Nicholas Bossons / Diogo Fortunato
2024,Dezembro,15,1,Mário Granate / Gonçalo Mascarenhas
2024,Dezembro,15,2,Diogo Lazarino / Henrique Nave
2024,Dezembro,15,3,Moritz Lind / Tiem Schmeets
2024,Dezembro,15,4,Tiago Gonçalves / Hugo Fonseca
2024,Dezembro,15,5,Miguel Almeida / António Almeida
2024,Dezembro,15,6,Francisco Antunes / Manuel Antunes
2024,Dezembro,15,7,Reinaldo Teixeira / João Afonso
2024,Dezembro,15,8,António Coutinho / André Gonçalves Jr.
2024,Dezembro,15,9,Imal Moradi / Tim Dornberger
2024,Dezembro,15,10,Gonçalo Oliveira / Theo Orfanidis
2024,Dezembro,15,11,António Coutinho Jr. / António Vale
2024,Dezembro,15,12,Hélder Nunes / Ricardo Spínola
2024,Dezembro,22,1,Luís Almeida / Jaime Almeida
2024,Dezembro,22,2,Reinaldo Teixeira / Francisco Maia e Moura
2024,Dezembro,22,3,Francisco Antunes / João Pedro
2024,Dezembro,22,4,Nick / Pasha
2024,Dezembro,22,5,Pedro Roque / Luís Sustelo
2024,Dezembro,22,6,Tiago Marques / Tiago Silva
2024,Dezembro,22,7,António Ruivo / Rodrigo Salgueiro
2024,Dezembro,22,8,José Alves / Rodrigo Gouveia
2024,Dezembro,22,9,Hugo Pires / Celso Filipe
2024,Dezembro,22,10,Tomás Spínola / Duarte Pereira
2024,Dezembro,22,11,Nuno Rolo / Nuno Couto
2024,Dezembro,22,12,André Bono / João Teixeira
2025,Janeiro,5,1,António Almeida / Onofre Costa
2025,Janeiro,5,2,João Pratas / João Gonçalves
2025,Janeiro,5,3,Pedro Tunes / Gonçalo Carvalho
2025,Janeiro,5,4,Tiago Marques / Tiago Silva
2025,Janeiro,5,5,Tiago Xavier / Gustavo Efe
2025,Janeiro,5,6,Marco Abreu / Luís Fábrica
2025,Janeiro,5,7,Pedro Mota / Bernando Fernandes
2025,Janeiro,5,8,Miguel Almeida / Gonçalo Fernandes
2025,Janeiro,12,1,Pedro Direito / Carlos Costa
2025,Janeiro,12,2,Reinaldo Teixeira / Cristiano Guilherme
2025,Janeiro,12,3,João Gonçalves / Pedro Amorim
2025,Janeiro,12,4,Marco Abreu / Luís Fábrica
2025,Janeiro,12,5,Tomás Spínola / Francisco Antunes
2025,Janeiro,12,6,Tiago Gonçalves / André Gonçalves Jr.
2025,Janeiro,12,7,Diogo Vilela / Gil Simas
2025,Janeiro,12,8,Hélder Nunes / Hugo Pinto
2025,Janeiro,19,1,Duarte Pereira / Francisco Antunes
2025,Janeiro,19,2,Manuel Mendes / Luís Alves
2025,Janeiro,19,3,Pedro Direito / Carlos Costa
2025,Janeiro,19,4,Gustavo Efe / Tiago Xavier
2025,Janeiro,19,5,Bruno Simões / Celso Filipe
2025,Janeiro,19,6,Diogo Vilela / Pedro Martins
2025,Janeiro,19,7,Nuno Rolo / Nuno Couto
2025,Janeiro,19,8,Gil Simas / Diogo Ferreira
2025,Janeiro,26,1,Carlos Lopes / Carlos Lopes Jr.
2025,Janeiro,26,2,Pedro Direito / João Gonçalves
2025,Janeiro,26,3,Tiago Xavier / Afonso Jorge
2025,Janeiro,26,4,João Santos / Miguel Santos
2025,Janeiro,26,5,Vítor Campos / Gustavo Marques
2025,Janeiro,26,6,Tiago Marques / Tiago Silva
2025,Fevereiro,2,1,Gonçalo Monteiro / Tiago Xavier
2025,Fevereiro,2,2,Carlos Costa / Pedro Direito
2025,Fevereiro,2,3,Vova Savych / Eugene
2025,Fevereiro,2,4,Swapnil Shirsath / Olivier Paulo
2025,Fevereiro,2,5,João Santos / Miguel Santos
2025,Fevereiro,2,6,Tomás Spínola / Francisco Antunes
2025,Fevereiro,2,7,João Pratas / Pedro Amorim
2025,Fevereiro,2,8,Luís Alves / Tiago Mota
2025,Fevereiro,9,1,Miguel Almeida / Miguel Branquinho
2025,Fevereiro,9,2,Tiago Xavier / Afonso Jorge
2025,Fevereiro,9,3,João Gonçalves / João Pratas
2025,Fevereiro,9,4,Pedro Direito / Carlos Costa
2025,Fevereiro,9,5,Pedro Sousa / João Marcos
2025,Fevereiro,9,6,Celso Filipe / Bruno Simões
2025,Fevereiro,9,7,António Gonçalves / Max Mhitarian
2025,Fevereiro,9,8,Hélder Nunes / Hugo Pinto
2025,Fevereiro,9,9,Gonçalo Ramires / Duarte Ramires
2025,Fevereiro,9,10,Olivier Paulo / Swapnil Shirsath
2025,Fevereiro,9,11,Vova Savych / Eugene
2025,Fevereiro,9,12,Reinaldo Teixeira / João Afonso
2025,Fevereiro,9,13,Tomás Ferreira / Miguel Ferreira
2025,Fevereiro,9,14,João Santos / Miguel Santos
2025,Fevereiro,9,15,Luís Alves / André Costa
2025,Fevereiro,9,16,Diogo Baltazar / Ruben Veiga
2025,Fevereiro,16,1,Pedro Direito / João Gonçalves
2025,Fevereiro,16,2,Reinaldo Teixeira / António Gonçalves
2025,Fevereiro,16,3,Tiago Xavier / Gonçalo Monteiro
2025,Fevereiro,16,4,Manuel Mendes / Miguel Almeida
2025,Fevereiro,16,5,João Santos / Miguel Santos
2025,Fevereiro,16,6,Pedro Amorim / João Pereira
2025,Fevereiro,16,7,Tiago Marques / Tiago Silva
2025,Fevereiro,16,8,Tiago Gonçalves / André Gonçalves Jr.
2025,Fevereiro,16,9,Tomás Spínola / Francisco Antunes
2025,Fevereiro,16,10,Coach / Hélder Nunes
2025,Fevereiro,16,11,João Afonso / Bruno Machado
2025,Fevereiro,16,12,Max Mhitarian / Celso Filipe
2025,Fevereiro,23,1,Vova Savych / Eugene
2025,Fevereiro,23,2,Bruno Simões / Celso Filipe
2025,Fevereiro,23,3,João Santos / Miguel Santos
2025,Fevereiro,23,4,Tiago Xavier / Afonso Jorge
2025,Fevereiro,23,5,Nuno Conceição / Marcelo Feio
2025,Fevereiro,23,6,João Afonso / Reinaldo Teixeira
2025,Fevereiro,23,7,Tomás Ferreira / Miguel Ferreira
2025,Fevereiro,23,8,Joaquim Ferrer / Nuno Malcata
2025,Fevereiro,23,9,Tiago Marques / Ismael Gomes
2025,Fevereiro,23,10,Max Mhitarian / Nicholas Bossons
2025,Fevereiro,23,11,Hélder Nunes / Hugo Pinto
2025,Fevereiro,23,12,Henrique Ferrer / Diogo Ferrer
2025,Março,2,1,Reinaldo Teixeira / Cristiano Guilherme
2025,Março,2,2,João Gonçalves / Pedro Direito
2025,Março,2,3,João Santos / Tomás Ferreira
2025,Março,2,4,João Pratas / José Pratas
2025,Março,2,5,Miguel Ferreira / Frederico Cardoso
2025,Março,2,6,Max Mhitarian / Amjad
2025,Março,2,7,Tiago Gonçalves / André Gonçalves Jr.
2025,Março,2,8,Nuno Rolo / Nuno Couto
2025,Março,2,9,Nuno Conceição / Marcelo Feio
2025,Março,2,10,João Afonso / Bruno Machado
2025,Março,2,11,Luís Fábrica / Marco Abreu
2025,Março,2,12,Joaquim Ferrer / Diogo Ferrer
2025,Março,16,1,Gaowei Lin / Miguel
2025,Março,16,2,Miguel Almeida / António Almeida
2025,Março,16,3,Gustavo Efe / Tiago Xavier
2025,Março,16,4,Nuno Conceição / Marcelo Feio
2025,Março,16,5,Tomás Ferreira / Miguel Santos
2025,Março,16,6,João Afonso / Reinaldo Teixeira
2025,Março,16,7,João Pratas / José Pratas
2025,Março,16,8,Francisco Antunes / Tomás Spínola
2025,Março,30,1,Rui Teixeira / Dinis Teixeira
2025,Março,30,2,Tomás Ferreira / Miguel Ferreira
2025,Março,30,3,Ivan / Sérgio Calado
2025,Março,30,4,João Pratas / João Gonçalves
2025,Março,30,5,Afonso Silva / Vasco Fontoura
2025,Março,30,6,Volodymyr / Glib
2025,Março,30,7,Carlos Lopes / Gaowei Lin
2025,Março,30,8,Miguel Almeida / Gustavo Efe
2025,Março,30,9,Reinaldo Teixeira / António Gonçalves
2025,Março,30,10,Celso Filipe / Bruno Simões
2025,Março,30,11,Tiago Xavier / Afonso Jorge
2025,Março,30,12,André Gonçalves Jr. / Tiago Gonçalves
2025,Março,30,13,João Santos / Miguel Santos
2025,Março,30,14,Diogo Baltazar / Paulo Gonçalves
2025,Março,30,15,Fábio Afonso / Andrés Herrera
2025,Março,30,16,Joaquim Ferrer / Diogo Ferrer
2025,Abril,6,1,Eugene / Fedor
2025,Abril,6,2,Tiago Xavier / Gaowei Lin
2025,Abril,6,3,Tomás Ferreira / Gonçalo Simões
2025,Abril,6,4,Nuno Conceição / David Santos
2025,Abril,6,5,Reinaldo Teixeira / António Gonçalves
2025,Abril,6,6,Volodymyr / Glib
2025,Abril,6,7,Diogo Pinto / Pedro Reis
2025,Abril,6,8,André Gonçalves Jr. / Tiago Gonçalves
2025,Abril,6,9,João Pratas / Pedro Amorim
2025,Abril,6,10,Miguel Ferreira / Miguel Santos
2025,Abril,6,11,Henrique Ferrer / Diogo Ferrer
2025,Abril,6,12,Joaquim Ferrer / Miguel Salema
2025,Abril,13,1,Tiago Xavier / Gaowei Lin
2025,Abril,13,2,Manuel Mendes / Nuno Conceição
2025,Abril,13,3,Glib / Volodymyr
2025,Abril,13,4,Ismael Gomes / Tiago Marques
2025,Abril,13,5,Luiz Brazão / Alexandre Ferrada
2025,Abril,13,6,Joaquim Ferrer / Miguel Salema
2025,Abril,13,7,Fábio Afonso / Andrés Herrera
2025,Abril,13,8,Diogo Baltazar / Ruben Veiga
2025,Abril,27,1,Tiago Ferreira Jr. / Gonçalo Ramires
2025,Abril,27,2,Pedro Amorim / João Gonçalves
2025,Abril,27,3,Diogo Pinto / Pedro Reis
2025,Abril,27,4,Jason / Gaowei Lin
2025,Abril,27,5,Sergii Kravchenko / Jorge Skrebtsov
2025,Abril,27,6,Joaquim Ferrer / Miguel Salema
2025,Maio,4,1,Reinaldo Teixeira / António Gonçalves
2025,Maio,4,2,João Santos / Miguel Santos
2025,Maio,4,3,Tomás Ferreira / Miguel Ministro
2025,Maio,4,4,Gustavo Efe / Tiago Xavier
2025,Maio,4,5,Alexandre Ferrada / Afonso Ferrada
2025,Maio,4,6,Marco Abreu / Nuno Conceição
2025,Maio,4,7,Diogo Pinto / Pedro Reis
2025,Maio,4,8,Tiago Gonçalves / André Gonçalves Jr.
2025,Maio,18,1,Aleksei Gavrilov / Alexey Nikitenko
2025,Maio,18,2,João Santos / Miguel Santos
2025,Maio,18,3,Tiago Alves / Duarte Seixas
2025,Maio,18,4,Alexandre Ferrada / Afonso Ferrada
2025,Maio,18,5,Tiago Xavier / Tiago Morgado
2025,Maio,18,6,Pedro Sousa / João Marcos
2025,Maio,18,7,António Vale / António Coutinho
2025,Maio,18,8,Henrique Ferrer / Nuno Malcata
2025,Maio,18,9,Joaquim Ferrer / Diogo Ferrer
2025,Maio,18,10,Tiago Gonçalves / André Águeda
2025,Maio,18,11,Bernardo Fernandes / André Batista
2025,Maio,18,12,Diogo Santos / João Batista
2025,Junho,1,1,Tomás Ferreira / Gonçalo Simões
2025,Junho,1,2,João Santos / Miguel Santos
2025,Junho,1,3,Tiago Xavier / Afonso Jorge
2025,Junho,1,4,Miguel Almeida / António Almeida
2025,Junho,1,5,André Gonçalves Jr. / Tiago Gonçalves
2025,Junho,1,6,Henrique Ferrer / Diogo Ferrer
2025,Junho,1,7,Nuno Conceição / Ricardo Silva
2025,Junho,1,8,Duarte Vicente / Tiago Fonseca
2025,Junho,8,1,Tiago Marques / Miguel Nóbrega
2025,Junho,8,2,Nuno Conceição / Marcelo Feio
2025,Junho,8,3,João Santos / Miguel Santos
2025,Junho,8,4,Ivan Bondarenko / Oleksandr Kolotilin
2025,Junho,8,5,Celso Filipe / Bruno Simões
2025,Junho,8,6,Tomás Spínola / Ricardo Spínola
2025,Junho,8,7,Ricardo Silva / Nick Bossons
2025,Junho,8,8,Duarte Vicente / Tiago Fonseca
2025,Junho,15,1,João Santos / Miguel Santos
2025,Junho,15,2,Afonso Jorge / Tiago Xavier
2025,Junho,15,3,Tiago Marques / Miguel Nóbrega
2025,Junho,15,4,Gustavo Efe / Duarte Mendes
2025,Junho,15,5,Luís Abel / Diogo Pinto
2025,Junho,15,6,Miguel Almeida / Gonçalo Fernandes
2025,Junho,15,7,Diogo Ferrer / Henrique Ferrer
2025,Junho,15,8,João Pratas / António Fonseca
2025,Junho,15,9,Marco Abreu / Luís Fábrica
2025,Junho,15,10,André Gonçalves Jr. / Tiago Gonçalves
2025,Junho,15,11,Duarte Vicente / Tiago Fonseca
2025,Junho,15,12,Tomás Folque / Mateus Folque
2025,Junho,22,1,Tiago Xavier / Afonso Jorge
2025,Junho,22,2,Sergii Krutko / Sergii Maksymenko
2025,Junho,22,3,João Gonçalves / Pedro Direito
2025,Junho,22,4,Jorge Skrebtsov / Roman
2025,Junho,22,5,João Santos / Miguel Santos
2025,Junho,22,6,Miguel Nóbrega / Gonçalo Gonçalves
2025,Junho,22,7,Glib / Vital
2025,Junho,22,8,Alexandre Ferrada / Luís Silva
2025,Junho,22,9,João Pratas / António Fonseca
2025,Junho,22,10,André Gonçalves Jr. / Tiago Gonçalves
2025,Junho,22,11,Tomás Folque / Miguel Branquinho
2025,Junho,22,12,Luís Fábrica / Marco Abreu
2025,Junho,29,1,Olivier Paulo / Swapnil Shirsath
2025,Junho,29,2,João Santos / Miguel Santos
2025,Junho,29,3,Gonçalo Glória / Paulo Glória
2025,Junho,29,4,Marco Abreu / Luís Fábrica
2025,Junho,29,5,Duarte Vicente / Tiago Fonseca
2025,Junho,29,6,Diogo Baltazar / Paulo Gonçalves
2025,Julho,6,1,Diogo Pinto / Pedro Água
2025,Julho,6,2,Afonso Jorge / Tiago Xavier
2025,Julho,6,3,João Santos / Miguel Santos
2025,Julho,6,4,Paulo Esteves / Daniel Dias
2025,Julho,6,5,Miguel Nóbrega / Gonçalo Gonçalves
2025,Julho,6,6,Celso Filipe / André Veríssimo
2025,Julho,6,7,André Gonçalves Jr. / Tiago Gonçalves
2025,Julho,6,8,Luís Abel / Fernando Oliveira
2025,Julho,13,1,Tiago Xavier / Gonçalo Gouveia
2025,Julho,13,2,Rui Teixeira / Dinis Teixeira
2025,Julho,13,3,Gonçalo Glória / Paulo Glória
2025,Julho,13,4,João Pratas / João Gonçalves
2025,Julho,13,5,João Santos / Miguel Santos
2025,Julho,13,6,Aleksei Gavrilov / Alexandr Vykhovanets
2025,Julho,13,7,Reinaldo Teixeira / António Gonçalves
2025,Julho,13,8,Tomás Ferreira / Miguel Ferreira
2025,Julho,13,9,João Marcos / Miguel Adão
2025,Julho,13,10,Celso Filipe / Bruno Simões
2025,Julho,13,11,João Pedro / Hugo Fonseca
2025,Julho,13,12,Tiago Marques / Ismael Gomes
2025,Julho,13,13,Luís Almeida / Tiago Almeida
2025,Julho,13,14,André Baptista / André Baptista
2025,Julho,13,15,Rodrigo Mourão / João Batista
2025,Julho,13,16,André Alexandrino / Duarte Vicente
2025,Julho,20,1,Pedro Direito / Manuel Mendes
2025,Julho,20,2,Pedro Água / Zé Água
2025,Julho,20,3,João Santos / Miguel Santos
2025,Julho,20,4,João Marcos / Miguel Adão
2025,Julho,20,5,Aleksei Gavrilov / Alexey Nikitenko
2025,Julho,20,6,Hugo Fonseca / Lev Sokolov
2025,Julho,20,7,Gonçalo Glória / Nuno Silva
2025,Julho,20,8,Tiago Xavier / Afonso Jorge
2025,Julho,20,9,Tiago Marques / Miguel Nóbrega
2025,Julho,20,10,Duarte Vicente / Tiago Fonseca
2025,Julho,20,11,Luís Almeida / Tiago Almeida
2025,Julho,20,12,Diogo Vilela / Gil Simas
2025,Julho,27,1,Jaime Almeida / João Almeida
2025,Julho,27,2,João Marcos / Miguel Adão
2025,Julho,27,3,António Fonseca / Tiago Xavier
2025,Julho,27,4,Miguel Santos / João Santos
2025,Julho,27,5,João Fernandes / Celso Filipe
2025,Julho,27,6,Nuno Conceição / Marcelo Feio
2025,Julho,27,7,Luís Almeida / Tiago Almeida
2025,Julho,27,8,Reinaldo Teixeira / Paulo Jara
2025,Setembro,7,1,Jaime Almeida / Luís Almeida
2025,Setembro,7,2,Tiago Ferreira / Sandro Matos
2025,Setembro,7,3,Nuno Conceição / João Romana
2025,Setembro,7,4,Miguel Ferreira / Miguel Santos
2025,Setembro,7,5,Rui Teixeira / Dinis Teixeira
2025,Setembro,7,6,Tomás Ferreira / Tiago Ivo
2025,Setembro,7,7,Celso Filipe / João Fernandes
2025,Setembro,7,8,Pedro Malheiros / Valentim Januário
2025,Setembro,7,9,Diogo Ferrer / Henrique Ferrer
2025,Setembro,7,10,Gaowei Lin / Hui Xia
2025,Setembro,7,11,Tiago Gonçalves / André Gonçalves Jr. 
2025,Setembro,7,12,David Jorge / Rodrigo Jorge
2025,Setembro,14,1,Manuel Mendes / Pedro Direito
2025,Setembro,14,2,Tomás Ferreira / Tiago Ivo
2025,Setembro,14,3,Diogo Pinto / Tiago Ferreira
2025,Setembro,14,4,João Santos / Miguel Santos
2025,Setembro,14,5,Diogo Meneses / João Brazete
2025,Setembro,14,6,Tiago Marques / Miguel Nóbrega
2025,Setembro,14,7,Tiago Gonçalves / André Gonçalves Jr. 
2025,Setembro,14,8,Tomás Bastos / Tomás Almeida
2025,Setembro,14,9,Miguel Adão / Miguel Cunha
2025,Setembro,14,10,João Gonçalves / Afonso Jorge
2025,Setembro,14,11,Diogo Vilela / Gil Simas
2025,Setembro,14,12,Diogo Ferrer / Joaquim Ferrer
2025,Setembro,21,1,Gonçalo Glória / Paulo Glória
2025,Setembro,21,2,João Gonçalves / Pedro Direito
2025,Setembro,21,3,Aleksei Gavrilov / Lev Sokolov
2025,Setembro,21,4,Diogo Pinto / Tiago Ferreira
2025,Setembro,21,5,Tiago Xavier / Afonso Jorge
2025,Setembro,21,6,João Santos / Miguel Santos
2025,Setembro,21,7,Miguel Almeida / António Almeida
2025,Setembro,21,8,João Romana / Nuno Conceição
2025,Setembro,21,9,Tomás Ferreira / Miguel Ministro
2025,Setembro,21,10,Miguel Andrade / Jorge Ramos
2025,Setembro,21,11,Duarte Vicente / Diogo Meneses
2025,Setembro,21,12,Diogo Ferrer / Joaquim Ferrer
2025,Setembro,28,1,Tiago Xavier / Gonçalo Monteiro
2025,Setembro,28,2,Luís Almeida / Jaime Almeida
2025,Setembro,28,3,João Gonçalves / João Pratas
2025,Setembro,28,4,João Santos / Miguel Santos
2025,Setembro,28,5,Tomás Ferreira / Miguel Ferreira
2025,Setembro,28,6,Tiago Ferreira Jr. / Gaowei Lin
2025,Setembro,28,7,Diogo Meneses / Tomás Almeida
2025,Setembro,28,8,Celso Filipe / Bruno Simões
2025,Setembro,28,9,Reinaldo Teixeira / António Gonçalves
2025,Setembro,28,10,Diogo Pinto / Tiago Ferreira
2025,Setembro,28,11,André Santos / João Vieira
2025,Setembro,28,12,Rodrigo Mourão / João Batista
2025,Setembro,28,13,Miguel Adão / João Marcos
2025,Setembro,28,14,Miguel Almeida / António Almeida
2025,Setembro,28,15,Duarte Vicente / António Sousa
2025,Setembro,28,16,Rui Teixeira / Dinis Teixeira
2025,Outubro,5,1,Reinaldo Teixeira / Tiago Xavier
2025,Outubro,5,2,Rustam Nuriev / Alexandr Vykhovanets
2025,Outubro,5,3,Diogo Pinto / Tiago Ferreira
2025,Outubro,5,4,Miguel Adão / João Marcos
2025,Outubro,5,5,Tomás Ferreira / Miguel Ferreira
2025,Outubro,5,6,João Santos / Miguel Santos
2025,Outubro,5,7,Nuno Conceição / Tiago Marques
2025,Outubro,5,8,João Romana / Gonçalo Martins
2025,Outubro,5,9,João G. Gonçalves / Arthur Grossmann
2025,Outubro,5,10,Tomás Almeida / Tomás Bastos
2025,Outubro,5,11,Joaquim Ferrer / Diogo Ferrer
2025,Outubro,5,12,André Santos / João Vieira
2025,Outubro,12,1,Afonso Jorge / Tiago Xavier
2025,Outubro,12,2,Reinaldo Teixeira / António Gonçalves
2025,Outubro,12,3,Miguel Adão / João Marcos
2025,Outubro,12,4,Tiago Ferreira Jr. / João Pratas
2025,Outubro,12,5,João Santos / Miguel Santos
2025,Outubro,12,6,João Gonçalves / Pedro Amorim
2025,Outubro,12,7,Tomás Ferreira / Miguel Ferreira
2025,Outubro,12,8,Diogo Pinto / Ivan Teixeira
2025,Outubro,12,9,Miguel Andrade / Jorge Ramos
2025,Outubro,12,10,Gonçalo Martins / João Romana
2025,Outubro,12,11,Pedro Água / Zé Água
2025,Outubro,12,12,António Sousa / Vitor Oliveira
2025,Outubro,12,13,Tomás Almeida / Alexandre Casimiro
2025,Outubro,12,14,Tomás Bastos / Tomás Gouveia
2025,Outubro,12,15,Ricardo Silva / Tiago Gonçalves
2025,Outubro,12,16,Duarte Vicente / Afonso Ortigão
2025,Outubro,19,1,Tiago Ferreira Jr. / Tomás Vale
2025,Outubro,19,2,Tiago Xavier / Miguel Santos
2025,Outubro,19,3,Reinaldo Teixeira / Tiago Ferreira
2025,Outubro,19,4,Afonso Jorge / João Santos
2025,Outubro,19,5,Pedro Sousa / João Marcos
2025,Outubro,19,6,Tomás Ferreira / Gonçalo Simões
2025,Outubro,19,7,Duarte Vicente / Afonso Ortigão
2025,Outubro,19,8,Tomás Almeida / Tomás Bastos
2025,Outubro,19,9,João G. Gonçalves / Rodrigo Mourão
2025,Outubro,19,10,Tiago Gonçalves / André Gonçalves Jr. 
2025,Outubro,26,1,Pedro Direito / Manuel Mendes
2025,Outubro,26,2,Guilherme Nisa / André Alexandrino
2025,Outubro,26,3,Jaime Almeida / Luís Almeida
2025,Outubro,26,4,João Santos / Miguel Santos
2025,Outubro,26,5,João Romana / Gonçalo Martins
2025,Outubro,26,6,Gaowei Lin / Tomás Ferreira
2025,Outubro,26,7,João Pratas / João Gonçalves
2025,Outubro,26,8,Reinaldo Teixeira / António Gonçalves
2025,Outubro,26,9,Pedro Amorim / Afonso Guerra
2025,Outubro,26,10,Xavier Melo / Eduardo Ribeiro
2025,Outubro,26,11,Miguel Adão / João Marcos
2025,Outubro,26,12,Nuno Conceição / Miguel Ferreira
2025,Outubro,26,13,Alexandre Ferrada / Zé Maria
2025,Outubro,26,14,Diogo Pinto / Ivan Teixeira
2025,Outubro,26,15,Duarte Vicente / Tiago Gonçalves
2025,Outubro,26,16,Hanson Cheng / Ricardo Silva
2025,Novembro,2,1,Diogo Pinto / Tiago Ferreira
2025,Novembro,2,2,Afonso Guerra / Pedro Amorim
2025,Novembro,2,3,Miguel Almeida / Gonçalo Fernandes
2025,Novembro,2,4,Alexandre Ferrada / Luís Silva
2025,Novembro,2,5,João Santos / Miguel Santos
2025,Novembro,2,6,Miguel Adão / João Marcos
2025,Novembro,2,7,Nuno Conceição / Pedro Direito
2025,Novembro,2,8,João Pratas / António Fonseca
2025,Novembro,2,9,Tomás Almeida / Alexandre Casimiro
2025,Novembro,2,10,Eduardo Ribeiro / Xavier Melo
2025,Novembro,2,11,Tomás Ferreira / Tiago Ivo
2025,Novembro,2,12,Tiago Marques / Ismael Gomes
2025,Novembro,2,13,Hanson Cheng / Hanson Partner
2025,Novembro,2,14,Rodrigo Mourão / Ricardo Praça
2025,Novembro,2,15,André Gonçalves / Vasco Pereira
2025,Novembro,2,16,Luís Fábrica / Marco Abreu
2025,Novembro,9,1,Afonso Ortigão / Pedro Direito
2025,Novembro,9,2,João Pratas / João Gonçalves
2025,Novembro,9,3,Pedro Amorim / Afonso Guerra
2025,Novembro,9,4,Vasco Pedro / Francisco Pedro
2025,Novembro,9,5,Iuri Rodrigues / Jaime Almeida
2025,Novembro,9,6,Diogo Pinto / Tiago Ferreira
2025,Novembro,9,7,Tomás Almeida / Alexandre Casimiro
2025,Novembro,9,8,Nuno Marques / André Gonçalves
2025,Novembro,9,9,Filippo Yu / Francesco Azza
2025,Novembro,9,10,Duarte Vicente / Tiago Fonseca
2025,Novembro,9,11,Nuno Conceição / Marcelo Feio
2025,Novembro,9,12,Miguel Adão / João Marcos
2025,Novembro,9,13,Tiago Gonçalves / André Gonçalves Jr. 
2025,Novembro,9,14,Marco Abreu / Miguel Monteiro
2025,Novembro,9,15,Vasco Pereira / David Garcia 
2025,Novembro,9,16,Miguel Almeida / Gonçalo Fernandes
2025,Novembro,16,1,Diogo Pinto / Tiago Ferreira
2025,Novembro,16,2,Afonso Ortigão / Duarte Vicente
2025,Novembro,16,3,Pedro Amorim / Afonso Guerra
2025,Novembro,16,4,Nuno Conceição / Marcelo Feio
2025,Novembro,16,5,João Santos / Miguel Santos
2025,Novembro,16,6,Miguel Adão / João Marcos
2025,Novembro,16,7,Henrique Ferrer / Joaquim Ferrer
2025,Novembro,16,8,Tomás Almeida / Tomás Bastos
2025,Novembro,23,1,Alexandre Ferrada / Luís Silva
2025,Novembro,23,2,Jaime Almeida / Luís Almeida
2025,Novembro,23,3,João Santos / Miguel Santos
2025,Novembro,23,4,João Romana / Gonçalo Martins
2025,Novembro,23,5,Diogo Pinto / Gonçalo Mestre
2025,Novembro,23,6,Miguel Adão / João Marcos
2025,Novembro,23,7,João Pratas / João Gonçalves
2025,Novembro,23,8,Tiago Gonçalves / André Gonçalves Jr.
2025,Novembro,23,9,Pedro Direito / Nuno Conceição
2025,Novembro,23,10,António Sousa / Afonso Machado
2025,Novembro,23,11,Reinaldo Teixeira / Luís Garcia Pereira
2025,Novembro,23,12,Duarte Vicente / Afonso Ortigão
2025,Novembro,23,13,Diogo Ferrer / Joaquim Ferrer
2025,Novembro,23,14,Pedro Amorim / Afonso Guerra
2025,Novembro,23,15,Afonso Jorge / Afonso Martins
2025,Novembro,23,16,Ricardo Almeida / Gonçalo Carreiro
2025,Novembro,30,1,Pedro Direito / Francisco Pedro
2025,Novembro,30,2,Diogo Pinto / Gonçalo Mestre
2025,Novembro,30,3,Afonso Martins / Tomás Alves
2025,Novembro,30,4,João Romana / Hugo Pinto
2025,Novembro,30,5,Miguel Santos / Tomás Ferreira
2025,Novembro,30,6,Pedro Água / Francisco Hernandez
2025,Novembro,30,7,Jaime Almeida / António Sousa
2025,Novembro,30,8,João Marcos / Miguel Adão
2025,Novembro,30,9,André Gonçalves Jr. / Tiago Gonçalves
2025,Novembro,30,10,Pedro Amorim / Iuri Rodrigues
2025,Novembro,30,11,João G. Gonçalves / João G. Prado
2025,Novembro,30,12,Afonso Machado / Nelson Grave
2025,Dezembro,7,1,Luís Almeida / Jaime Almeida
2025,Dezembro,7,2,João Romana / João Alves
2025,Dezembro,7,3,João Santos / Tomás Ferreira
2025,Dezembro,7,4,Afonso Machado / Bruno Castro
2025,Dezembro,7,5,Reinaldo Teixeira / Celso Filipe
2025,Dezembro,7,6,João Marcos / Miguel Adão
2025,Dezembro,7,7,João Gonçalves / Nuno Reis
2025,Dezembro,7,8,Duarte Vicente / Afonso Ortigão
2025,Dezembro,7,9,Pedro Trincheiras / Filipe Barroso
2025,Dezembro,7,10,Diogo Pinto / Swapnil Shirsath